Sex,Age,count,coeff
All,0-20,1.659,0.826586093872275
All,20-40,6.865,0.6740414310318356
All,40-60,11.612,0.5596976985584547
All,60-80,6.251,0.7454838406217611
All,80+,0.297,1.0
F,,11.518,0.05519717890458114
M,,15.166,0.0
