Sex,Age,coeff_auroc,coeff_fnr,coeff_for
F,,0.8393537677499088,0.5313335080593766,0.0551971789045811
M,,0.0,0.0,0.0
,0-20,0.883416850912988,0.7881881107543873,0.826586093872275
,20-40,0.4331596177400921,0.598898310850143,0.6740414310318356
,40-60,1.0,0.4572842857062489,0.5596976985584547
,60-80,0.5192330263256043,0.6280429047120486,0.7454838406217611
,80+,0.6159036312615672,1.0,1.0
