Sex,Age,count,coeff
All,0-20,1.659,0.7881881107543873
All,20-40,6.865,0.598898310850143
All,40-60,11.612,0.45728428570624896
All,60-80,6.251,0.6280429047120486
All,80+,0.297,1.0
F,,11.518,0.5313335080593766
M,,15.166,0.0
