Sex,Age,count,coeff
All,0-20,1.659,0.883416850912988
All,20-40,6.865,0.43315961774009215
All,40-60,11.612,1.0
All,60-80,6.251,0.5192330263256043
All,80+,0.297,0.6159036312615672
F,,11.518,0.8393537677499088
M,,15.166,0.0
