Sex,Age,count,coeff
All,0-20,1.659,1.0
All,20-40,6.865,0.3995144861244068
All,40-60,11.612,0.7087559940318333
All,60-80,6.251,0.5425494156420141
All,80+,0.297,0.6042034017503731
F,,11.518,0.90231519919622
M,,15.166,0.0
