Sex,Age,count,coeff
All,0-20,1.659,0.8166591592345199
All,20-40,6.865,0.44202586798531573
All,40-60,11.612,0.0618691179533495
All,60-80,6.251,0.6560363683718573
All,80+,0.297,0.0
F,,11.518,1.0
M,,15.166,0.9075017618734129
