Sex,Age,count,coeff
All,0-20,1.659,0.7440995334665357
All,20-40,6.865,0.5480761385336871
All,40-60,11.612,0.5330614600721708
All,60-80,6.251,0.6155439647271049
All,80+,0.297,1.0
F,,11.518,0.3526724084750874
M,,15.166,0.0
