Sex,Age,count,coeff
All,0-20,1.659,0.8613525042628637
All,20-40,6.865,0.698674789283797
All,40-60,11.612,0.5973630459224106
All,60-80,6.251,0.5973246367623012
All,80+,0.297,1.0
F,,11.518,0.1778750456179376
M,,15.166,0.0
