Sex,Age,coeff_auroc,coeff_fnr,coeff_for
F,,1.0,0.3526724084750874,0.1778750456179376
M,,0.0,0.0,0.0
,0-20,0.9916892695828144,0.7440995334665357,0.8613525042628637
,20-40,0.7021658365059348,0.5480761385336871,0.698674789283797
,40-60,0.9442577335562308,0.5330614600721708,0.5973630459224106
,60-80,0.6911851874839039,0.6155439647271049,0.5973246367623012
,80+,0.6911561576178945,1.0,1.0
