Sex,Age,count,coeff
All,0-20,1.659,0.9916892695828143
All,20-40,6.865,0.7021658365059348
All,40-60,11.612,0.9442577335562309
All,60-80,6.251,0.6911851874839039
All,80+,0.297,0.6911561576178945
F,,11.518,1.0
M,,15.166,0.0
