Sex,Age,count,coeff
All,0-20,1.659,0.5325761376330242
All,20-40,6.865,0.33248937591876426
All,40-60,11.612,0.1449198245810434
All,60-80,6.251,0.37246246177924014
All,80+,0.297,0.0
F,,11.518,0.5534189744967585
M,,15.166,1.0
