Sex,Age,count,coeff
All,0-20,1.659,1.0
All,20-40,6.865,0.23910593767939384
All,40-60,11.612,0.6968446583814562
All,60-80,6.251,0.41852234487955825
All,80+,0.297,0.45692486714230546
F,,11.518,0.7699529585425973
M,,15.166,0.0
