Sex,Age,count,coeff
All,0-20,1.659,0.8826298867649145
All,20-40,6.865,0.44417963462727666
All,40-60,11.612,0.09217365246957057
All,60-80,6.251,0.5162253945201748
All,80+,0.297,0.0
F,,11.518,0.910492652775696
M,,15.166,1.0
